EVALUATION  METRICS ON TEST DATA,,,,,,,,,,,,,,,,,,
Framework,Subset,Accuracy,Balanced Accuracy,MCC,F1 Macro,FI Micro,Precision Macro,Precision micro,Recall Macro,Recall Micro,Log Loss,AUC Macro,AUC Micro,AUC Weighted,F1 Weighted,Precision Weighted,Recall Weighted,FPR
AutoGluon,Subset 1,0.999993,0.99982,0.9999502,0.9936081,0.9999928,0.9881538,0.9999928,0.9998209,0.9999928,-0.5949,1,1,1,0.9999928,0.9999929,0.9999928,0.00000033
AutoGluon,Subset 2,0.9999966,0.9999996,0.999977,0.9965109,0.9999967,0.9932326,0.9999967,0.9999997,0.9999967,-0.3014,1,1,1,0.9999967,0.9999967,0.9999967,0.00000002
Azure AutoML,Subset 1,0.999998,0.9998056,0.999986,0.999998,0.999998,0.999997,0.999998,0.9998056,0.999998,0.01704689,1,1,1,0.999998,0.999998,0.999998,0.00000028
Azure AutoML,Subset 2,0.999997,0.9997321,0.9999796,0.9998327,0.999997,0.9999337,0.999997,0.9997321,0.999997,0.02111571,1,1,1,0.999997,0.999997,0.999997,0.00000028
AWS Autopilot,Subset 1,0.9999998,0.9999108,0.9999987,0.9999554,0.9999998,1,0.9999998,0.9999108,0.9999998,0.025676,1,1,1,0.9999998,0.9999998,0.9999998,0.00000046
AWS Autopilot,Subset 2,0.9999954,0.9999103,0.9999681,0.9704369,0.9999954,0.9511959,0.9999954,0.9999103,0.9999954,0.0000409,0.9999999,0.9999992,0.9999993,0.9999957,0.9999963,0.9999954,0.00000018
